ProductId,Name,Price,Catagory
1,"Soup - Knorr, Chicken Gumbo",48,alcohol
2,"Lemonade - Mandarin, 591 Ml",15,alcohol
3,Banana,49,alcohol
4,Pepper - Yellow Bell,54,fruit
5,Gelatine Leaves - Bulk,75,alcohol
6,Chickensplit Half,53,Vegetable
7,"Jam - Blackberry, 20 Ml Jar",19,fruit
8,Swordfish Loin Portions,14,bread
9,Sterno - Chafing Dish Fuel,27,fruit
10,"Wine - Red, Antinori Santa",92,canned
11,Prunes - Pitted,83,Vegetable
12,Gooseberry,42,fruit
13,"Soup - Knorr, Country Bean",44,bread
14,Tobasco Sauce,72,canned
15,"Mushrooms - Black, Dried",74,bread
16,"Cheese - Cheddar, Old White",78,bread
17,Bread Cranberry Foccacia,89,fruit
18,Ice Cream Bar - Oreo Cone,17,bread
19,"Soup - Campbells, Classic Chix",48,fruit
20,Cheese - Gouda Smoked,30,Vegetable
21,Lemon Tarts,36,canned
22,Mousse - Passion Fruit,72,bread
23,"Cup - 6oz, Foam",74,canned
24,Lobster - Tail 6 Oz,58,bread
25,Dried Apple,74,bread
26,Beef - Short Ribs,82,canned
27,Triple Sec - Mcguinness,59,bread
28,Muffin Mix - Raisin Bran,48,alcohol
29,"Pasta - Penne Primavera, Single",16,fruit
30,Wine - Acient Coast Caberne,52,fruit
31,Shiratamako - Rice Flour,17,bread
32,Bagels Poppyseed,31,canned
33,Raspberries - Fresh,29,bread
34,Kellogs Special K Cereal,58,alcohol
35,"Iced Tea - Lemon, 340ml",79,bread
36,Bread - Olive,90,alcohol
37,Beef - Eye Of Round,97,bread
38,Rosemary - Dry,50,bread
39,Pop - Club Soda Can,50,fruit
40,"Tabasco Sauce, 2 Oz",40,fruit
41,Wine - Zinfandel Rosenblum,15,canned
42,Lettuce - Baby Salad Greens,41,bread
43,Snapple Raspberry Tea,15,Vegetable
44,Cleaner - Bleach,91,alcohol
45,Sprouts - Pea,36,bread
46,Coffee - Dark Roast,23,canned
47,Towel Dispenser,70,canned
48,Muffins - Assorted,27,alcohol
49,Pears - Anjou,30,fruit
50,Bread - French Baquette,20,fruit
51,"Napkin - Cocktail,beige 2 - Ply",41,fruit
52,Papayas,43,alcohol
53,Icecream Bar - Del Monte,71,bread
54,Puree - Pear,35,bread
55,Cups 10oz Trans,10,bread
56,Soup V8 Roasted Red Pepper,92,fruit
57,Cranberries - Dry,30,fruit
58,Sambuca - Ramazzotti,29,alcohol
59,Cheese - Taleggio D.o.p.,21,alcohol
60,Raspberries - Frozen,87,fruit
61,Table Cloth 90x90 Colour,94,fruit
62,Lobster - Cooked,26,fruit
63,Pie Shells 10,83,alcohol
64,"Lamb - Leg, Diced",86,alcohol
65,Passion Fruit,22,canned
66,Jolt Cola - Red Eye,36,fruit
67,Island Oasis - Wildberry,93,alcohol
68,"Nut - Peanut, Roasted",99,alcohol
69,Shallots,59,Vegetable
70,Steam Pan - Half Size Deep,73,alcohol
71,Wine - Magnotta - Cab Franc,49,alcohol
72,Milkettes - 2%,69,canned
73,Basil - Pesto Sauce,34,fruit
74,"Beef - Tongue, Cooked",25,canned
75,Skirt - 24 Foot,58,Vegetable
76,Longos - Chicken Curried,48,fruit
77,Bacardi Breezer - Tropical,47,canned
78,"Juice - Apple, 1.36l",56,Vegetable
79,Tea - Green,97,canned
80,Pails With Lids,19,fruit
81,"Coke - Classic, 355 Ml",85,fruit
82,Mushroom - Crimini,31,canned
83,Ocean Spray - Ruby Red,79,bread
84,Squash - Guords,38,canned
85,Turkey - Ground. Lean,91,canned
86,Green Scrubbie Pad H.duty,73,bread
87,Wine - Trimbach Pinot Blanc,69,alcohol
88,Beer - Sleeman Fine Porter,93,alcohol
89,Ice Cream Bar - Hagen Daz,56,alcohol
90,Cinnamon Buns Sticky,71,fruit
91,Tamarind Paste,91,fruit
92,Vinegar - White Wine,70,fruit
93,"Beef - Ground, Extra Lean, Fresh",73,Vegetable
94,Sour Puss Raspberry,31,fruit
95,Wine - Cava Aria Estate Brut,67,bread
96,Potatoes - Parissienne,69,canned
97,Appetiser - Bought,56,Vegetable
98,Potatoes - Peeled,89,Vegetable
99,Halibut - Steaks,100,canned
100,Paper Cocktail Umberlla 80 - 180,53,canned
101,Oysters - Smoked,97,alcohol
102,Cookie Trail Mix,82,alcohol
103,Cheese - Bakers Cream Cheese,98,alcohol
104,Catfish - Fillets,99,Vegetable
105,Paper - Brown Paper Mini Cups,33,fruit
106,Bread - 10 Grain,88,fruit
107,Caviar - Salmon,14,Vegetable
108,Flavouring Vanilla Artificial,17,canned
109,Wine - Mondavi Coastal Private,83,Vegetable
110,Wine - Vovray Sec Domaine Huet,22,canned
111,Caviar - Salmon,38,alcohol
112,Eggplant Oriental,73,canned
113,"Fish - Halibut, Cold Smoked",23,canned
114,Foil - 4oz Custard Cup,32,bread
115,Yoplait - Strawbrasp Peac,12,Vegetable
116,Rice - Aborio,87,fruit
117,Beer - Camerons Auburn,52,Vegetable
118,Potatoes - Idaho 80 Count,65,Vegetable
119,Quiche Assorted,86,Vegetable
120,Raisin - Dark,18,alcohol
121,Sugar - Crumb,62,alcohol
122,Wine - Placido Pinot Grigo,25,alcohol
123,"Lamb - Whole, Fresh",60,fruit
124,Sauce - Ranch Dressing,42,canned
125,"Lamb - Racks, Frenched",67,fruit
126,Chicken - White Meat With Tender,95,canned
127,Ginger - Crystalized,15,Vegetable
128,Wine - Chablis J Moreau Et Fils,51,alcohol
129,Oil - Sesame,100,Vegetable
130,Pastry - Trippleberry Muffin - Mini,49,Vegetable
131,Clam - Cherrystone,52,fruit
132,Bamboo Shoots - Sliced,81,fruit
133,Chick Peas - Dried,36,alcohol
134,Towel Dispenser,69,Vegetable
135,Miso - Soy Bean Paste,45,Vegetable
136,Kale - Red,69,alcohol
137,Coffee Swiss Choc Almond,34,bread
138,Pork - Shoulder,69,bread
139,Baking Powder,30,Vegetable
140,Versatainer Nc - 9388,13,fruit
141,"Quail - Whole, Boneless",40,alcohol
142,Puree - Mocha,90,canned
143,Ice Cream - Turtles Stick Bar,65,bread
144,Potatoes - Idaho 100 Count,23,canned
145,Syrup - Chocolate,22,fruit
146,Bread - Burger,34,bread
147,Soupcontfoam16oz 116con,47,canned
148,Extract Vanilla Pure,29,Vegetable
149,Table Cloth 54x72 Colour,35,fruit
150,Icecream - Dstk Super Cone,64,alcohol
151,Wine - Peller Estates Late,97,canned
152,"Bread - Roll, Whole Wheat",32,alcohol
153,Parsley Italian - Fresh,52,Vegetable
154,Banana - Leaves,48,fruit
155,Nougat - Paste / Cream,18,bread
156,Wine - Savigny - Les - Beaune,48,Vegetable
157,Ecolab - Power Fusion,41,canned
158,Fennel,72,Vegetable
159,Salt And Pepper Mix - Black,79,fruit
160,Cardamon Ground,97,fruit
161,Gingerale - Diet - Schweppes,17,canned
162,"Wine - White, Mosel Gold",23,Vegetable
163,"Apple - Delicious, Golden",76,fruit
164,Sobe - Orange Carrot,52,Vegetable
165,Foil Cont Round,58,bread
166,Pear - Halves,39,alcohol
167,Instant Coffee,84,canned
168,"Pasta - Penne, Lisce, Dry",23,canned
169,"Beets - Candy Cane, Organic",71,fruit
170,Marzipan 50/50,62,fruit
171,Water - Spring Water 500ml,21,bread
172,Towel Dispenser,59,fruit
173,"Clams - Littleneck, Whole",11,bread
174,Urban Zen Drinks,41,Vegetable
175,"Capon - Breast, Double, Wing On",76,bread
176,Beer - Paulaner Hefeweisse,27,fruit
177,Kellogs Special K Cereal,71,Vegetable
178,Coffee Cup 8oz 5338cd,29,bread
179,Ecolab - Hand Soap Form Antibac,84,alcohol
180,Ham - Cooked Bayonne Tinned,21,bread
181,Chocolate Bar - Coffee Crisp,55,alcohol
182,Beef - Tenderloin,82,bread
183,Lotus Leaves,36,canned
184,"Soup - Beef, Base Mix",89,bread
185,"Brownies - Two Bite, Chocolate",87,alcohol
186,Rum - Mount Gay Eclipes,98,canned
187,Sausage - Chorizo,28,fruit
188,Appetizer - Veg Assortment,100,alcohol
189,Bag Stand,97,Vegetable
190,"Pasta - Lasagna, Dry",63,Vegetable
191,"Nut - Pistachio, Shelled",29,fruit
192,"Yeast - Fresh, Fleischman",70,bread
193,Bread - Kimel Stick Poly,99,canned
194,Filo Dough,53,bread
195,"Wine - White, Lindemans Bin 95",75,Vegetable
196,"Beef - Rib Roast, Capless",59,bread
197,Beer - Moosehead,99,fruit
198,"Soup - Knorr, Ministrone",81,bread
199,Bread Ww Cluster,97,Vegetable
200,Beer - Maudite,90,Vegetable
201,Lamb Leg - Bone - In Nz,81,fruit
202,Trueblue - Blueberry 12x473ml,45,bread
203,"Wine - Red, Harrow Estates, Cab",30,Vegetable
204,Grenadine,80,bread
205,"Wine - Red, Concha Y Toro",21,Vegetable
206,Dish Towel,37,canned
207,Muffin - Mix - Creme Brule 15l,75,Vegetable
208,Plasticspoonblack,73,alcohol
209,Sesame Seed,58,alcohol
210,"Bread - Rolls, Corn",49,Vegetable
211,Pop Shoppe Cream Soda,27,alcohol
212,Duck - Legs,33,bread
213,"Beef - Chuck, Boneless",36,alcohol
214,Scallops - Live In Shell,21,canned
215,Sauce - Rosee,56,fruit
216,Momiji Oroshi Chili Sauce,92,bread
217,Appetizer - Sausage Rolls,23,fruit
218,Loquat,67,canned
219,Basil - Seedlings Cookstown,10,canned
220,Cheese - Grie Des Champ,100,Vegetable
221,Food Colouring - Pink,25,fruit
222,Figs,22,fruit
223,Beef Wellington,43,bread
224,"Split Peas - Green, Dry",97,bread
225,Mussels - Cultivated,25,fruit
226,"Coffee - Beans, Whole",25,alcohol
227,Ocean Spray - Ruby Red,13,Vegetable
228,"Coconut - Shredded, Unsweet",76,canned
229,"Sugar - Sweet N Low, Individual",75,fruit
230,Muffin Mix - Oatmeal,77,fruit
231,Langers - Cranberry Cocktail,89,fruit
232,Cheese - Gouda Smoked,40,bread
233,Towel Dispenser,100,alcohol
234,Cheese - St. Andre,27,bread
235,Pail For Lid 1537,77,fruit
236,"Salmon - Atlantic, Fresh, Whole",16,canned
237,Sobe - Tropical Energy,62,bread
238,Eggplant Oriental,97,fruit
239,"Placemat - Scallop, White",44,canned
240,Beef - Sushi Flat Iron Steak,75,alcohol
241,Potatoes - Parissienne,13,bread
242,"Mushroom - Shitake, Fresh",15,bread
243,Cheese - Roquefort Pappillon,60,alcohol
244,"Wine - Red, Harrow Estates, Cab",78,fruit
245,Soap - Mr.clean Floor Soap,49,bread
246,Tea - Decaf 1 Cup,47,Vegetable
247,Cheese - Brick With Pepper,87,canned
248,Tomatoes,77,bread
249,"Pail - 4l White, With Handle",14,alcohol
250,Wine - Hardys Bankside Shiraz,98,bread
251,Eggs - Extra Large,30,fruit
252,Sprouts - Bean,32,bread
253,Pastry - Banana Muffin - Mini,68,Vegetable
254,"Soda Water - Club Soda, 355 Ml",76,alcohol
255,Nougat - Paste / Cream,20,bread
256,Wine - Taylors Reserve,76,Vegetable
257,The Pop Shoppe - Root Beer,76,canned
258,Coriander - Ground,18,fruit
259,Sage - Rubbed,59,canned
260,Tomatoes - Roma,72,Vegetable
261,"Lemonade - Island Tea, 591 Ml",51,bread
262,Wasabi Powder,96,alcohol
263,"Turnip - White, Organic",94,alcohol
264,Wasabi Paste,94,bread
265,Ham - Virginia,84,bread
266,"Hickory Smoke, Liquid",84,alcohol
267,"7up Diet, 355 Ml",79,canned
268,Curry Powder Madras,48,Vegetable
269,"Shrimp - 21/25, Peel And Deviened",11,canned
270,Salmon Steak - Cohoe 6 Oz,97,bread
271,Ecolab - Medallion,93,alcohol
272,"Sauce - Soya, Dark",68,Vegetable
273,Bread - Focaccia Quarter,28,alcohol
274,Sauce - Cranberry,26,Vegetable
275,Huck White Towels,35,alcohol
276,"Mushroom - Shitake, Dry",41,alcohol
277,Ice Cream Bar - Hageen Daz To,50,canned
278,Okra,66,alcohol
279,Red Currants,79,fruit
280,Red Currant Jelly,16,fruit
281,Steampan - Lid For Half Size,59,canned
282,Mints - Striped Red,49,bread
283,Horseradish - Prepared,86,Vegetable
284,"Nut - Hazelnut, Whole",57,alcohol
285,Sauce - Balsamic Viniagrette,36,bread
286,Macaroons - Homestyle Two Bit,100,alcohol
287,Soap - Hand Soap,78,bread
288,Wine - Crozes Hermitage E.,90,bread
289,"Pork - Sausage, Medium",41,Vegetable
290,"Pasta - Linguini, Dry",11,bread
291,Melon - Honey Dew,77,bread
292,Wheat - Soft Kernal Of Wheat,26,bread
293,Pastry - Trippleberry Muffin - Mini,52,canned
294,Chinese Foods - Chicken Wing,95,canned
295,Ecolab - Power Fusion,53,alcohol
296,Flour - Rye,27,canned
297,Chinese Foods - Chicken Wing,94,fruit
298,Caviar - Salmon,23,bread
299,Creme De Cacao Mcguines,26,canned
300,Coffee Caramel Biscotti,55,bread
301,Beef - Rib Eye Aaa,87,canned
302,Cookie Choc,48,canned
303,Bread - Italian Sesame Poly,97,fruit
304,Appetizer - Smoked Salmon / Dill,29,bread
305,Silicone Paper 16.5x24,71,alcohol
306,Coffee - Flavoured,69,Vegetable
307,"Wine - Red, Pelee Island Merlot",45,alcohol
308,Lemons,93,alcohol
309,Muffin Mix - Banana Nut,91,Vegetable
310,Soup - French Onion,46,fruit
311,Towels - Paper / Kraft,77,alcohol
312,Container - Clear 32 Oz,72,Vegetable
313,Tea - Camomele,15,canned
314,Wine - Sawmill Creek Autumn,61,bread
315,Curry Powder Madras,34,Vegetable
316,Cocoa Butter,34,bread
317,Table Cloth 81x81 White,100,bread
318,Nutmeg - Ground,50,bread
319,Mix - Cocktail Strawberry Daiquiri,77,alcohol
320,Tea - Decaf 1 Cup,69,fruit
321,Wine - Ice Wine,83,Vegetable
322,Juice - V8 Splash,100,bread
323,"Pepper - Chillies, Crushed",10,bread
324,Flower - Commercial Bronze,11,Vegetable
325,Carbonated Water - Blackcherry,26,Vegetable
326,Flower - Potmums,98,bread
327,Beer - Blue,30,fruit
328,Soup - Campbellschix Stew,56,bread
329,Herb Du Provence - Primerba,82,canned
330,Rappini - Andy Boy,43,canned
331,Gatorade - Fruit Punch,68,Vegetable
332,Danishes - Mini Raspberry,99,bread
333,Ecolab Digiclean Mild Fm,10,fruit
334,Bread - Kimel Stick Poly,60,alcohol
335,Wine - Cotes Du Rhone Parallele,80,fruit
336,Chick Peas - Canned,41,bread
337,Oil - Sunflower,11,fruit
338,Chef Hat 25cm,78,bread
339,Sobe - Green Tea,97,alcohol
340,Wine - Segura Viudas Aria Brut,48,canned
341,Foam Cup 6 Oz,80,alcohol
342,Nectarines,98,canned
343,Pork Casing,17,alcohol
344,Bread - Dark Rye,29,fruit
345,Soup - Campbells,55,Vegetable
346,"Pork - Back, Short Cut, Boneless",12,bread
347,"Cheese - Cheddar, Medium",82,Vegetable
348,Coffee - 10oz Cup 92961,52,Vegetable
349,Carbonated Water - Orange,15,fruit
350,Bread Foccacia Whole,65,alcohol
351,"Wine - White, Ej",29,bread
352,Bread - Flat Bread,58,Vegetable
353,Sauce - Marinara,50,Vegetable
354,Potatoes - Pei 10 Oz,35,bread
355,Table Cloth 91x91 Colour,36,bread
356,Wine - Stoneliegh Sauvignon,12,alcohol
357,Soup Knorr Chili With Beans,24,canned
358,Juice - Mango,60,bread
359,"Wine - Red, Colio Cabernet",44,canned
360,Puree - Passion Fruit,99,canned
361,Truffle Cups - White Paper,13,bread
362,Cookie Chocolate Chip With,50,Vegetable
363,"Bread - Dark Rye, Loaf",56,bread
364,Flour - Bread,73,canned
365,Lighter - Bbq,24,Vegetable
366,Tuna - Loin,63,bread
367,Tequila Rose Cream Liquor,35,Vegetable
368,Quail - Jumbo Boneless,37,Vegetable
369,Pomegranates,33,bread
370,Ham - Cooked Italian,91,canned
371,Relish,47,alcohol
372,"Cheese - Manchego, Spanish",72,fruit
373,"Pasta - Lasagna Noodle, Frozen",27,fruit
374,Zucchini - Yellow,90,canned
375,Nestea - Iced Tea,15,bread
376,"Fish - Base, Bouillion",96,Vegetable
377,Capicola - Hot,87,fruit
378,"Shrimp, Dried, Small / Lb",33,Vegetable
379,Salmon Atl.whole 8 - 10 Lb,14,alcohol
380,"Pepper - Julienne, Frozen",59,Vegetable
381,"Pork - Sausage, Medium",36,alcohol
382,Wasabi Paste,42,fruit
383,Mace Ground,98,alcohol
384,Garbage Bag - Clear,16,bread
385,Beef - Sushi Flat Iron Steak,14,bread
386,Veal - Sweetbread,23,alcohol
387,Broom - Corn,24,fruit
388,Cardamon Seed / Pod,33,bread
389,Sausage - Liver,11,fruit
390,Beans - Soya Bean,58,Vegetable
391,Jolt Cola,46,Vegetable
392,Wine - Chardonnay South,52,alcohol
393,Black Currants,40,Vegetable
394,Chocolate - Mi - Amere Semi,28,alcohol
395,Huck Towels White,28,bread
396,Dome Lid Clear P92008h,89,fruit
397,Salmon - Fillets,69,canned
398,Nantucket - 518ml,30,bread
399,Wine - Pinot Noir Latour,100,alcohol
400,Mackerel Whole Fresh,51,alcohol
401,Sponge Cake Mix - Chocolate,17,Vegetable
402,Garlic - Elephant,79,alcohol
403,Wasabi Paste,46,bread
404,Allspice - Jamaican,98,Vegetable
405,"Wine - White, Gewurtzraminer",53,fruit
406,Melon - Watermelon Yellow,91,Vegetable
407,"Pork - Tenderloin, Fresh",10,bread
408,Tea - Earl Grey,59,Vegetable
409,Lettuce - Boston Bib - Organic,65,canned
410,"Pork - Tenderloin, Fresh",10,fruit
411,Oysters - Smoked,22,bread
412,"Pasta - Rotini, Dry",39,bread
413,"Coke - Diet, 355 Ml",39,bread
414,"Wine - White, Cooking",79,canned
415,Trueblue - Blueberry 12x473ml,39,canned
416,Appetizer - Asian Shrimp Roll,58,bread
417,Napkin - Beverage 1 Ply,25,canned
418,Artichokes - Jerusalem,73,bread
419,Wasabi Powder,13,alcohol
420,Olives - Nicoise,63,Vegetable
421,Ice Cream Bar - Rolo Cone,61,alcohol
422,Aspic - Clear,11,canned
423,"Wine - White, Chardonnay",27,bread
424,Tea - Decaf 1 Cup,58,canned
425,"Pasta - Lasagne, Fresh",19,Vegetable
426,Milk - 1%,58,Vegetable
427,Fennel,14,canned
428,"Pasta - Penne Primavera, Single",24,Vegetable
429,Savory,20,fruit
430,Bread - Granary Small Pull,98,Vegetable
431,Tomatoes Tear Drop Yellow,97,fruit
432,"Bread - Pita, Mini",12,fruit
433,Soup - Boston Clam Chowder,55,canned
434,Yams,96,bread
435,Ecolab Crystal Fusion,28,canned
436,Lotus Root,19,Vegetable
437,Dc - Frozen Momji,33,bread
438,Beef - Ox Tongue,94,alcohol
439,Raisin - Golden,64,bread
440,"Wine - White, Pelee Island",64,Vegetable
441,"Salmon - Atlantic, No Skin",62,Vegetable
442,Vector Energy Bar,38,fruit
443,Chickhen - Chicken Phyllo,76,Vegetable
444,Cake Sheet Combo Party Pack,37,Vegetable
445,"Vinegar - Balsamic, White",22,Vegetable
446,Quinoa,48,bread
447,Napkin White - Starched,12,canned
448,Pepper - Chili Powder,58,Vegetable
449,Tart - Pecan Butter Squares,42,canned
450,Lettuce - Sea / Sea Asparagus,62,bread
451,Soup - Campbells - Chicken Noodle,84,fruit
452,"Chilli Paste, Sambal Oelek",17,alcohol
453,Longos - Penne With Pesto,32,canned
454,Cornish Hen,71,alcohol
455,Cheese - Victor Et Berthold,75,alcohol
456,Turkey Tenderloin Frozen,76,canned
457,Soupfoamcont12oz 112con,70,canned
458,"Chicken - Leg, Boneless",64,alcohol
459,Neckerchief Blck,36,canned
460,Energy - Boo - Koo,65,fruit
461,Lettuce - Curly Endive,79,bread
462,Extract - Lemon,70,alcohol
463,Soup - Campbells Broccoli,46,canned
464,Cheese - Shred Cheddar / Mozza,14,bread
465,Veal - Striploin,39,fruit
466,Cheese - Stilton,73,canned
467,Sauce - Hollandaise,37,fruit
468,Icecream - Dibs,39,fruit
469,Dasheen,89,Vegetable
470,Cream - 35%,16,bread
471,Pancetta,81,fruit
472,Bagel - Sesame Seed Presliced,73,canned
473,Veal - Nuckle,70,Vegetable
474,Sauce - Alfredo,21,bread
475,Plasticspoonblack,29,alcohol
476,Tomato - Peeled Italian Canned,25,fruit
477,"Lamb - Leg, Boneless",79,Vegetable
478,Shrimp - 31/40,54,canned
479,Sour Cream,89,fruit
480,Milk Powder,60,alcohol
481,Paper Cocktail Umberlla 80 - 180,52,canned
482,Yams,24,fruit
483,Nantuket Peach Orange,95,Vegetable
484,Flower - Commercial Spider,51,Vegetable
485,Cheese - Cheddar With Claret,31,alcohol
486,Lobster - Base,26,fruit
487,Wine - Rosso Toscano Igt,85,bread
488,Sour Puss Raspberry,70,bread
489,Wine - Conde De Valdemar,61,bread
490,Sauce - Cranberry,19,alcohol
491,"Nut - Almond, Blanched, Whole",20,Vegetable
492,Loquat,42,fruit
493,Sauce - Mint,36,Vegetable
494,Shichimi Togarashi Peppeers,50,bread
495,Pastry - Raisin Muffin - Mini,71,bread
496,Flour - So Mix Cake White,36,alcohol
497,Wine - Redchard Merritt,49,bread
498,Pastry - Key Limepoppy Seed Tea,47,alcohol
499,"Soup - Campbells, Spinach Crm",88,canned
500,Olives - Kalamata,43,canned
501,Wine - Sauvignon Blanc,42,fruit
502,"Chicken - Base, Ultimate",84,alcohol
503,Smoked Tongue,79,Vegetable
504,Flour - Pastry,20,fruit
505,Wine - Peller Estates Late,94,bread
506,"Pepper - Chipotle, Canned",21,Vegetable
507,Southern Comfort,64,alcohol
508,Beer - Muskoka Cream Ale,88,fruit
509,Bagel - 12 Grain Preslice,98,bread
510,Lemons,46,Vegetable
511,Tea - Vanilla Chai,92,Vegetable
512,Veal - Knuckle,16,Vegetable
513,"Syrup - Monin, Irish Cream",23,canned
514,"Lentils - Green, Dry",82,canned
515,Nutmeg - Ground,86,Vegetable
516,Swordfish Loin Portions,43,bread
517,Seabream Whole Farmed,50,Vegetable
518,"Trout - Rainbow, Frozen",26,alcohol
519,"Asparagus - White, Fresh",45,Vegetable
520,"Tendrils - Baby Pea, Organic",54,bread
521,Beef - Inside Round,30,bread
522,Ecolab - Balanced Fusion,91,alcohol
523,Water - Tonic,96,Vegetable
524,Energy Drink - Franks Original,23,canned
525,"Tomatoes - Diced, Canned",84,canned
526,Foam Cup 6 Oz,21,bread
527,Carbonated Water - Blackberry,64,alcohol
528,Bread - Bistro White,86,canned
529,Beans - French,26,canned
530,Bread Base - Goodhearth,62,bread
531,"Pail - 4l White, With Handle",78,Vegetable
532,Fond - Chocolate,84,alcohol
533,Arizona - Plum Green Tea,86,canned
534,Veal - Striploin,66,fruit
535,Water - Evian 355 Ml,82,canned
536,"Brocolinni - Gaylan, Chinese",48,Vegetable
537,Wine - Baron De Rothschild,22,Vegetable
538,Shrimp - 100 / 200 Cold Water,14,bread
539,"Wine - Red, Antinori Santa",22,fruit
540,"Split Peas - Green, Dry",15,bread
541,Mussels - Cultivated,82,canned
542,Garam Masala Powder,30,alcohol
543,Haggis,57,Vegetable
544,Munchies Honey Sweet Trail Mix,37,canned
545,Bowl 12 Oz - Showcase 92012,53,fruit
546,"Beef - Cooked, Corned",96,Vegetable
547,Mushroom - Lg - Cello,73,alcohol
548,"Beans - Black Bean, Dry",77,Vegetable
549,Limes,31,Vegetable
550,Eel - Smoked,44,Vegetable
551,Cheese Cloth No 100,11,Vegetable
552,"Nut - Pecan, Halves",96,canned
553,Pumpkin - Seed,52,bread
554,Soup - Cream Of Potato / Leek,12,canned
555,Aspic - Light,16,canned
556,Turnip - Mini,55,alcohol
557,Cheese - Bakers Cream Cheese,78,canned
558,Fond - Chocolate,29,alcohol
559,Wine - Magnotta - Cab Franc,52,Vegetable
560,Chicken - White Meat With Tender,31,bread
561,Salt - Sea,89,alcohol
562,Potatoes - Fingerling 4 Oz,95,canned
563,Soup - Campbells Chicken,46,alcohol
564,"Bread - Multigrain, Loaf",87,fruit
565,Wine - Shiraz Wolf Blass Premium,30,canned
566,Juice - Orange,14,alcohol
567,Wine - Alsace Riesling Reserve,92,alcohol
568,Dried Cranberries,11,alcohol
569,Lobster - Tail 6 Oz,86,canned
570,Soup - Boston Clam Chowder,48,fruit
571,Vodka - Moskovskaya,47,bread
572,Flour - All Purpose,29,alcohol
573,"Chocolate - Pistoles, Lactee, Milk",26,bread
574,Appetizer - Sausage Rolls,20,fruit
575,Raisin - Golden,98,fruit
576,Beef - Prime Rib Aaa,19,canned
577,Fork - Plastic,94,fruit
578,Compound - Orange,35,Vegetable
579,Pepper - Cubanelle,63,bread
580,Chips Potato Salt Vinegar 43g,84,alcohol
581,Piping Jelly - All Colours,90,canned
582,Cookie Dough - Double,35,Vegetable
583,Juice - Lemon,32,bread
584,Cornflakes,58,fruit
585,Wiberg Cure,48,bread
586,Amarula Cream,66,canned
587,Croissants Thaw And Serve,77,Vegetable
588,Sobe - Berry Energy,46,Vegetable
589,"Pepsi, 355 Ml",96,bread
590,"Water - Spring Water, 355 Ml",24,Vegetable
591,Pork Casing,59,fruit
592,Beans - French,77,Vegetable
593,Beer - Muskoka Cream Ale,78,Vegetable
594,Sloe Gin - Mcguinness,69,bread
595,Chinese Foods - Plain Fried Rice,17,bread
596,"Pasta - Fettuccine, Egg, Fresh",30,bread
597,Anchovy Paste - 56 G Tube,95,canned
598,Ham - Cooked Bayonne Tinned,31,bread
599,"Nut - Chestnuts, Whole",44,Vegetable
600,Kiwi,46,fruit
601,Sugar - Fine,72,canned
602,Pepper - Cayenne,50,canned
603,Flour - Semolina,65,alcohol
604,Fruit Salad Deluxe,65,Vegetable
605,"Rum - Light, Captain Morgan",79,fruit
606,Cheese - Brie Roitelet,53,fruit
607,Creamers - 10%,21,alcohol
608,Corn Meal,86,alcohol
609,Turnip - Wax,48,Vegetable
610,Raisin - Golden,74,fruit
611,Orange Roughy 4/6 Oz,55,Vegetable
612,"Lettuce - Romaine, Heart",16,Vegetable
613,Wine - Rubyport,33,fruit
614,Ice Cream Bar - Hageen Daz To,93,fruit
615,"Veal - Tenderloin, Untrimmed",40,alcohol
616,Beef - Flank Steak,12,fruit
617,Soup - Campbells Mushroom,43,Vegetable
618,Sterno - Chafing Dish Fuel,44,canned
619,Appetizer - Cheese Bites,99,canned
620,V8 - Tropical Blend,39,canned
621,Beets - Mini Golden,37,canned
622,Flour - Cake,44,canned
623,Wine - Sauvignon Blanc Oyster,18,bread
624,Spice - Greek 1 Step,76,bread
625,Petite Baguette,85,alcohol
626,"Appetizer - Mini Egg Roll, Shrimp",86,bread
627,Muffin - Zero Transfat,52,Vegetable
628,Sugar - White Packet,90,fruit
629,Mustard - Pommery,13,bread
630,Skirt - 29 Foot,26,canned
631,Appetizer - Mushroom Tart,18,fruit
632,Mushroom - Porcini Frozen,85,canned
633,Breadfruit,13,Vegetable
634,Rice - Brown,58,alcohol
635,Mushroom - Crimini,81,fruit
636,Bar Bran Honey Nut,43,alcohol
637,Soup - Campbells Pasta Fagioli,82,canned
638,Miso - Soy Bean Paste,13,alcohol
639,Fuji Apples,31,bread
640,Tomatoes - Yellow Hot House,59,bread
641,Tea - Herbal Orange Spice,89,bread
642,Honey - Lavender,99,bread
643,Dill Weed - Fresh,17,bread
644,Truffle Paste,21,canned
645,Grenadillo,14,bread
646,Corn - On The Cob,30,fruit
647,Wine - Vouvray Cuvee Domaine,56,canned
648,"Basil - Primerba, Paste",71,fruit
649,Wine - Beringer Founders Estate,65,alcohol
650,Glass Clear 7 Oz Xl,93,canned
651,Pernod,60,canned
652,Salt - Celery,92,Vegetable
653,Cod - Black Whole Fillet,84,bread
654,"Ranchero - Primerba, Paste",72,alcohol
655,Gatorade - Lemon Lime,92,alcohol
656,Dry Ice,61,Vegetable
657,Pepper - Sorrano,25,Vegetable
658,Snapple Lemon Tea,34,fruit
659,Mackerel Whole Fresh,14,canned
660,Wine - Cava Aria Estate Brut,12,bread
661,Lychee - Canned,24,bread
662,Carbonated Water - Lemon Lime,94,alcohol
663,Barramundi,49,Vegetable
664,Mushroom - Crimini,23,bread
665,Cucumber - English,86,bread
666,Bread Base - Gold Formel,48,alcohol
667,Kellogs Cereal In A Cup,92,Vegetable
668,Grenadillo,33,bread
669,"Mushroom - Shitake, Fresh",62,alcohol
670,Chicken Giblets,52,Vegetable
671,"Sauce - Soya, Light",69,Vegetable
672,Puree - Guava,40,Vegetable
673,"Club Soda - Schweppes, 355 Ml",56,Vegetable
674,"Soup - Knorr, Chicken Gumbo",73,canned
675,Sauce - Thousand Island,15,alcohol
676,"Crab - Claws, Snow 16 - 24",44,canned
677,"Beef - Cooked, Corned",91,Vegetable
678,Compound - Orange,73,fruit
679,Pie Filling - Cherry,15,bread
680,Pork - Kidney,87,fruit
681,Flower - Commercial Spider,59,alcohol
682,Vinegar - Raspberry,22,fruit
683,Beef - Sushi Flat Iron Steak,31,alcohol
684,"Mushroom - Chantrelle, Fresh",36,fruit
685,"Water, Tap",33,bread
686,Salmon Steak - Cohoe 6 Oz,57,canned
687,Asparagus - Frozen,90,fruit
688,Pears - Fiorelle,92,canned
689,Pork Loin Bine - In Frenched,73,fruit
690,Tea - Grapefruit Green Tea,61,bread
691,"Sauce - White, Mix",45,bread
692,Bread Crumbs - Panko,42,Vegetable
693,Bread Foccacia Whole,15,Vegetable
694,Nantuket Peach Orange,53,canned
695,Jolt Cola - Red Eye,28,Vegetable
696,Burger Veggie,22,Vegetable
697,"Juice - Apple, 1.36l",77,canned
698,Duck - Whole,69,bread
699,Chervil - Fresh,68,Vegetable
700,Oil - Sunflower,36,canned
701,"Dill - Primerba, Paste",87,Vegetable
702,Soup - Campbells Beef Strogonoff,14,fruit
703,Mushroom Morel Fresh,47,bread
704,Melon - Cantaloupe,29,Vegetable
705,Potatoes - Pei 10 Oz,76,Vegetable
706,Island Oasis - Peach Daiquiri,97,bread
707,Apricots - Halves,44,fruit
708,Cream Of Tartar,83,canned
709,Chicken - White Meat With Tender,69,Vegetable
710,Carbonated Water - White Grape,23,alcohol
711,Soup - Campbells,56,canned
712,Bay Leaf Ground,92,canned
713,Puree - Raspberry,49,canned
714,Soupfoamcont12oz 112con,61,canned
715,Wine - Shiraz South Eastern,39,alcohol
716,Lettuce - Treviso,78,Vegetable
717,"Chicken - Base, Ultimate",13,Vegetable
718,Bread - Pita,79,alcohol
719,Wine - Port Late Bottled Vintage,49,bread
720,Vaccum Bag - 14x20,49,alcohol
721,Broom Handle,95,Vegetable
722,"Nut - Chestnuts, Whole",44,bread
723,Clam Nectar,93,Vegetable
724,Juice - Cranberry 284ml,66,alcohol
725,"Oranges - Navel, 72",61,Vegetable
726,"Pasta - Lasagna, Dry",73,alcohol
727,Arctic Char - Fillets,49,bread
728,Celery,18,fruit
729,Bacardi Mojito,86,fruit
730,"Loaf Pan - 2 Lb, Foil",41,bread
731,Octopus,62,canned
732,Icecream - Dstk Strw Chseck,20,Vegetable
733,Couscous,16,fruit
734,Alize Red Passion,52,Vegetable
735,Table Cloth 90x90 White,18,canned
736,Soupcontfoam16oz 116con,58,canned
737,Sprouts - China Rose,65,Vegetable
738,Canadian Emmenthal,62,canned
739,Bread - Petit Baguette,46,canned
740,Garbag Bags - Black,81,fruit
741,Table Cloth 54x72 White,72,Vegetable
742,Fish - Bones,73,bread
743,Wine - Puligny Montrachet A.,71,fruit
744,Drambuie,33,bread
745,Pimento - Canned,29,fruit
746,"Flour - Corn, Fine",57,canned
747,Rabbit - Whole,75,bread
748,Pie Box - Cello Window 2.5,25,alcohol
749,Tomatoes,30,alcohol
750,Soup Campbells Turkey Veg.,48,Vegetable
751,Remy Red Berry Infusion,88,canned
752,Hummus - Spread,12,bread
753,Ham - Proscuitto,65,canned
754,Puree - Guava,66,alcohol
755,Bread Crumbs - Japanese Style,87,canned
756,Wine - Sake,35,alcohol
757,Okra,35,fruit
758,"Soup - Campbells, Cream Of",42,alcohol
759,Rabbit - Saddles,36,canned
760,"Napkin - Beverge, White 2 - Ply",22,canned
761,"Juice - Apple, 500 Ml",35,fruit
762,Wine - Placido Pinot Grigo,18,canned
763,Chips Potato Swt Chilli Sour,38,bread
764,Pickles - Gherkins,97,bread
765,Bacardi Limon,67,bread
766,Sauce - Ranch Dressing,72,alcohol
767,Sproutsmustard Cress,40,fruit
768,Wine - Kwv Chenin Blanc South,88,Vegetable
769,Chinese Foods - Chicken Wing,84,Vegetable
770,"Veal - Inside Round / Top, Lean",88,canned
771,Muffin Mix - Corn Harvest,72,Vegetable
772,Ezy Change Mophandle,31,alcohol
773,Pastry - Apple Muffins - Mini,89,alcohol
774,Appetizer - Assorted Box,84,Vegetable
775,Pork - Backfat,70,fruit
776,Coffee Cup 16oz Foam,95,Vegetable
777,Tart - Raisin And Pecan,36,alcohol
778,Sugar - Crumb,93,Vegetable
779,Appetizer - Crab And Brie,11,canned
780,"Beef - Cooked, Corned",58,canned
781,"Cheese - Boursin, Garlic / Herbs",77,bread
782,"Lentils - Red, Dry",77,Vegetable
783,Sobe - Tropical Energy,54,alcohol
784,Bagelers,24,canned
785,Puree - Passion Fruit,99,Vegetable
786,"Lamb - Loin, Trimmed, Boneless",48,bread
787,Clam - Cherrystone,17,bread
788,Devonshire Cream,71,Vegetable
789,Lettuce - Red Leaf,78,alcohol
790,Spinach - Frozen,98,canned
791,"Placemat - Scallop, White",25,fruit
792,Cranberries - Frozen,19,fruit
793,Yoplait - Strawbrasp Peac,24,alcohol
794,Onions - Cippolini,85,Vegetable
795,"Cheese - Havarti, Salsa",72,alcohol
796,Soup - French Can Pea,24,Vegetable
797,"Chilli Paste, Ginger Garlic",19,Vegetable
798,Soup - Campbells Beef Stew,26,canned
799,Lid Coffee Cup 8oz Blk,36,fruit
800,Danishes - Mini Raspberry,38,alcohol
801,Oil - Olive,69,Vegetable
802,"Pasta - Detalini, White, Fresh",38,fruit
803,Kiwano,12,canned
804,Sage - Fresh,14,canned
805,Muffin Batt - Ban Dream Zero,56,bread
806,Wine - Chardonnay South,48,fruit
807,"Wine - Red, Black Opal Shiraz",97,Vegetable
808,Trueblue - Blueberry Cranberry,52,canned
809,Soup - Campbells Chicken,41,Vegetable
810,Coffee - Egg Nog Capuccino,46,canned
811,"Wine - Red, Wolf Blass, Yellow",48,fruit
812,Chinese Foods - Chicken,46,canned
813,Vinegar - Rice,18,fruit
814,Curry Powder,88,fruit
815,Sultanas,73,Vegetable
816,Beans - Fine,92,alcohol
817,Corn Syrup,57,fruit
818,True - Vue Containers,56,bread
819,Squid - Breaded,91,Vegetable
820,Truffle Paste,51,Vegetable
821,Dry Ice,82,Vegetable
822,Coconut - Whole,40,canned
823,Yoplait Drink,45,canned
824,Food Colouring - Green,67,fruit
825,"Basil - Primerba, Paste",100,fruit
826,Pork - Side Ribs,81,fruit
827,"Trout - Rainbow, Fresh",79,fruit
828,V8 Splash Strawberry Kiwi,86,canned
829,Plate Pie Foil,64,Vegetable
830,Mustard - Individual Pkg,36,fruit
831,Grapes - Black,70,alcohol
832,"Pepsi - Diet, 355 Ml",20,bread
833,Wine - Beringer Founders Estate,33,Vegetable
834,Island Oasis - Mango Daiquiri,75,bread
835,Apron,48,alcohol
836,Muffin Mix - Raisin Bran,16,bread
837,"Lobster - Tail, 3 - 4 Oz",58,Vegetable
838,Chef Hat 25cm,21,fruit
839,Wheat - Soft Kernal Of Wheat,57,alcohol
840,Pumpkin - Seed,96,fruit
841,Goat - Whole Cut,88,canned
842,Containter - 3oz Microwave Rect.,35,bread
843,"Tart Shells - Barquettes, Savory",96,fruit
844,Vanilla Beans,57,Vegetable
845,Shrimp - Black Tiger 26/30,20,Vegetable
846,Tea Peppermint,27,fruit
847,Mikes Hard Lemonade,20,alcohol
848,Dried Cherries,64,bread
849,Egg - Salad Premix,13,Vegetable
850,Coriander - Seed,16,fruit
851,Nescafe - Frothy French Vanilla,100,bread
852,Jicama,85,alcohol
853,Cumin - Whole,49,Vegetable
854,Table Cloth 62x114 White,60,fruit
855,Peppercorns - Green,38,fruit
856,Breadfruit,58,fruit
857,"Napkin - Beverge, White 2 - Ply",45,alcohol
858,Fork - Plastic,53,alcohol
859,Bread - 10 Grain,13,canned
860,Bagel - Everything Presliced,90,bread
861,Lobster - Base,27,fruit
862,Mix - Cocktail Ice Cream,77,alcohol
863,Beans - Soya Bean,50,alcohol
864,Kellogs All Bran Bars,69,bread
865,Spice - Montreal Steak Spice,20,bread
866,Cake - French Pear Tart,53,Vegetable
867,Pepper - Chilli Seeds Mild,75,alcohol
868,Pasta - Orecchiette,42,fruit
869,Longos - Chicken Cordon Bleu,68,canned
870,Chambord Royal,94,Vegetable
871,Onions - Red Pearl,24,fruit
872,Sprouts - Corn,64,alcohol
873,"Crab - Blue, Frozen",98,canned
874,Maple Syrup,88,Vegetable
875,Ice Cream Bar - Oreo Cone,100,Vegetable
876,Spice - Montreal Steak Spice,39,fruit
877,Wine - Vovray Sec Domaine Huet,15,alcohol
878,Bread Ww Cluster,62,bread
879,Oil - Avocado,33,Vegetable
880,Juice - Ocean Spray Cranberry,72,bread
881,Spinach - Baby,100,alcohol
882,Piping - Bags Quizna,30,canned
883,Tea Peppermint,73,canned
884,"Turkey - Breast, Boneless Sk On",39,alcohol
885,Cake - Night And Day Choclate,32,fruit
886,"Soup - Campbells, Lentil",29,alcohol
887,Cookie Trail Mix,50,Vegetable
888,"Shrimp - 16 - 20 Cooked, Peeled",24,alcohol
889,Pork - Backfat,73,alcohol
890,"Crab - Dungeness, Whole",69,Vegetable
891,Red Currant Jelly,33,fruit
892,Pork - Sausage Casing,42,alcohol
893,"Quail - Whole, Boneless",27,Vegetable
894,Icecream Bar - Del Monte,32,alcohol
895,Tumeric,84,Vegetable
896,Beef - Shank,59,alcohol
897,Longos - Penne With Pesto,96,alcohol
898,Muffin Mix - Banana Nut,71,Vegetable
899,Tea - Earl Grey,84,bread
900,Chinese Foods - Chicken Wing,85,canned
901,Cactus Pads,41,bread
902,Chocolate - Dark Callets,38,Vegetable
903,Beef - Diced,83,bread
904,Bag Clear 10 Lb,52,fruit
905,Beef - Short Ribs,25,alcohol
906,"Halibut - Whole, Fresh",98,bread
907,Garlic,26,bread
908,Currants,68,alcohol
909,Cheese - Cream Cheese,42,fruit
910,Cinnamon - Ground,15,canned
911,Bread - Raisin Walnut Pull,90,Vegetable
912,Foie Gras,53,bread
913,Nut - Macadamia,51,bread
914,Calypso - Black Cherry Lemonade,88,fruit
915,Juice - Lime,63,fruit
916,"Beans - Black Bean, Canned",18,fruit
917,Potatoes - Idaho 80 Count,33,fruit
918,Capers - Pickled,36,canned
919,Celery,75,alcohol
920,Juice - Propel Sport,90,fruit
921,"Chicken - Leg, Boneless",42,bread
922,"Mushroom - Morels, Dry",89,fruit
923,Basil - Fresh,32,canned
924,Cheese - Mix,19,alcohol
925,"Pasta - Rotini, Colour, Dry",62,fruit
926,Lettuce - Iceberg,28,fruit
927,Turkey - Oven Roast Breast,77,canned
928,Beer - Mcauslan Apricot,45,fruit
929,Bread Crumbs - Panko,27,Vegetable
930,Sponge Cake Mix - Vanilla,87,bread
931,Beef - Top Sirloin,44,bread
932,"Beef - Kindney, Whole",66,Vegetable
933,Cornish Hen,15,Vegetable
934,Chocolate - Semi Sweet,27,alcohol
935,Salt And Pepper Mix - Black,24,canned
936,Bread - Bistro White,17,fruit
937,Cream - 35%,78,bread
938,Bagel - Everything Presliced,73,bread
939,"Wine - Niagara,vqa Reisling",94,Vegetable
940,Sugar - Individual Portions,51,Vegetable
941,Bread - Raisin Walnut Oval,84,bread
942,Lime Cordial - Roses,56,canned
943,Milk - 2% 250 Ml,85,alcohol
944,"Mop Head - Cotton, 24 Oz",74,bread
945,Muffin - Banana Nut Individual,11,bread
946,Oyster - In Shell,61,alcohol
947,"Rum - White, Gg White",67,Vegetable
948,Wine - Vouvray Cuvee Domaine,64,canned
949,Wine - Casillero Deldiablo,99,alcohol
950,Beer - Blue,86,canned
951,Kippers - Smoked,84,alcohol
952,"Octopus - Baby, Cleaned",76,Vegetable
953,Cape Capensis - Fillet,86,canned
954,Appetizer - Sausage Rolls,55,Vegetable
955,Wine - Manischewitz Concord,63,Vegetable
956,Ice Cream - Fudge Bars,47,bread
957,Soup - French Onion,93,Vegetable
958,Olives - Nicoise,80,Vegetable
959,Pork Casing,78,Vegetable
960,"Yogurt - Blueberry, 175 Gr",77,Vegetable
961,Huck Towels White,77,canned
962,Longos - Burritos,73,alcohol
963,"Nut - Walnut, Chopped",63,fruit
964,"Lobster - Tail, 3 - 4 Oz",90,canned
965,"Roe - Lump Fish, Black",68,canned
966,Salmon Steak - Cohoe 8 Oz,63,bread
967,Muffin Hinge 117n,31,Vegetable
968,"Pasta - Penne, Rigate, Dry",83,canned
969,Sproutsmustard Cress,78,bread
970,Flour - So Mix Cake White,42,Vegetable
971,Tuna - Salad Premix,16,fruit
972,Pickle - Dill,48,bread
973,Toothpick Frilled,73,canned
974,Bread - 10 Grain Parisian,55,alcohol
975,Munchies Honey Sweet Trail Mix,20,canned
976,Green Scrubbie Pad H.duty,49,bread
977,"Veal - Chops, Split, Frenched",13,fruit
978,Pie Filling - Apple,65,bread
979,"Tart Shells - Sweet, 3",31,Vegetable
980,Soup - Campbells Beef Noodle,25,canned
981,"Apple - Delicious, Red",58,bread
982,"Rum - Light, Captain Morgan",25,alcohol
983,Peppercorns - Pink,72,alcohol
984,Soup - Campbells Mac N Cheese,19,alcohol
985,Beer - Molson Excel,85,canned
986,Crackers - Graham,93,fruit
987,"Pasta - Spaghetti, Dry",88,canned
988,Crab - Meat,98,alcohol
989,Cumin - Whole,51,canned
990,Bar Mix - Lime,10,Vegetable
991,Soup - Campbells Chili Veg,51,bread
992,Wine - Pinot Noir Stoneleigh,28,fruit
993,Dates,28,bread
994,"Crab - Back Fin Meat, Canned",79,canned
995,"Lamb - Loin, Trimmed, Boneless",84,alcohol
996,Munchies Honey Sweet Trail Mix,89,alcohol
997,"Wine - White, Pinot Grigio",100,Vegetable
998,Sea Bass - Fillets,50,canned
999,Melon - Cantaloupe,46,bread
1000,Pastry - Banana Tea Loaf,61,fruit
